"Tarih","Şimdi","Açılış","Yüksek","Düşük","Hac.","Fark %"
"01.01.2024","2,667","2,614","2,670","2,614","","14,61%"
"02.01.2024","2,386","2,398","2,467","2,349","83,73K","-10,54%"
"03.01.2024","2,448","2,381","2,503","2,367","110,28K","2,60%"
"04.01.2024","2,559","2,472","2,590","2,467","118,26K","4,53%"
"05.01.2024","2,621","2,580","2,631","2,467","118,41K","2,42%"
"08.01.2024","2,598","2,649","2,654","2,430","173,15K","-0,88%"
"09.01.2024","2,697","2,565","2,791","2,529","248,56K","3,81%"
"10.01.2024","2,562","2,697","2,710","2,535","186,15K","-5,01%"
"11.01.2024","2,540","2,551","2,644","2,494","179,05K","-0,86%"
"12.01.2024","2,617","2,557","2,647","2,543","172,29K","3,03%"
"14.01.2024","3,111","3,104","3,137","3,077","","18,88%"
"15.01.2024","3,066","3,112","3,188","3,055","","-1,45%"
"16.01.2024","2,477","2,545","2,545","2,409","174,05K","-19,21%"
"17.01.2024","2,496","2,438","2,516","2,402","126,63K","0,77%"
"18.01.2024","2,413","2,496","2,496","2,364","138,74K","-3,33%"
"19.01.2024","2,252","2,420","2,421","2,237","169,18K","-6,67%"
"22.01.2024","2,125","2,165","2,187","2,114","184,49K","-5,64%"
"23.01.2024","2,167","2,133","2,194","2,079","141,10K","1,98%"
"24.01.2024","2,262","2,213","2,290","2,190","182,13K","4,38%"
"25.01.2024","2,180","2,288","2,334","2,158","188,52K","-3,63%"
"26.01.2024","2,175","2,190","2,235","2,093","214,99K","-0,23%"
"29.01.2024","2,054","2,159","2,166","2,047","164,62K","-5,56%"
"30.01.2024","2,104","2,095","2,143","2,082","71,41K","2,43%"
"31.01.2024","2,121","2,112","2,175","2,063","63,90K","0,81%"
"01.02.2024","2,064","2,151","2,177","2,047","90,38K","-2,69%"
"02.02.2024","2,086","2,067","2,106","2,034","61,51K","1,07%"
"05.02.2024","2,074","2,114","2,130","2,045","72,51K","-0,58%"
"06.02.2024","2,007","2,054","2,072","1,996","85,69K","-3,23%"
"07.02.2024","1,980","2,000","2,035","1,967","108,62K","-1,35%"
"08.02.2024","1,948","1,981","1,994","1,900","130,05K","-1,62%"
"09.02.2024","1,885","1,915","1,921","1,852","141,20K","-3,23%"
"12.02.2024","1,800","1,841","1,890","1,770","154,30K","-4,51%"
"13.02.2024","1,742","1,793","1,826","1,707","195,55K","-3,22%"
"14.02.2024","1,665","1,725","1,744","1,640","162,74K","-4,42%"
"15.02.2024","1,647","1,672","1,718","1,633","142,08K","-1,08%"
"16.02.2024","1,680","1,654","1,704","1,638","146,71K","2,00%"
"18.02.2024","1,551","1,527","1,565","1,527","","-7,68%"
"19.02.2024","1,558","1,552","1,583","1,540","","0,45%"
"20.02.2024","1,646","1,620","1,783","1,600","178,44K","5,65%"
"21.02.2024","1,863","1,792","1,877","1,749","233,77K","13,18%"
"22.02.2024","1,832","1,863","1,868","1,752","183,31K","-1,66%"
"23.02.2024","1,699","1,817","1,819","1,683","161,17K","-7,26%"
"26.02.2024","1,744","1,750","1,834","1,716","235,21K","2,65%"
"27.02.2024","1,808","1,751","1,838","1,710","179,94K","3,67%"
"28.02.2024","2,052","1,965","2,071","1,940","87,15K","13,50%"
"29.02.2024","2,008","2,044","2,064","1,988","97,38K","-2,14%"
"01.03.2024","1,975","1,993","2,021","1,948","65,21K","-1,64%"
"04.03.2024","2,073","2,012","2,132","2,011","116,37K","4,96%"
"05.03.2024","2,095","2,076","2,152","2,039","82,94K","1,06%"
"06.03.2024","2,072","2,088","2,115","2,061","72,08K","-1,10%"
"07.03.2024","1,952","2,075","2,087","1,926","142,91K","-5,79%"
"08.03.2024","1,923","1,942","1,955","1,896","131,96K","-1,49%"
"11.03.2024","1,862","1,920","1,961","1,852","137,93K","-3,17%"
"12.03.2024","1,823","1,855","1,921","1,800","169,86K","-2,09%"
"13.03.2024","1,784","1,822","1,833","1,766","157,54K","-2,14%"
"14.03.2024","1,862","1,791","1,884","1,761","136,51K","4,37%"
"15.03.2024","1,789","1,875","1,893","1,781","137,15K","-3,92%"
"18.03.2024","1,833","1,824","1,884","1,801","118,33K","2,46%"
"19.03.2024","1,876","1,844","1,890","1,832","122,80K","2,35%"
"20.03.2024","1,845","1,882","1,900","1,824","136,83K","-1,65%"
"21.03.2024","1,831","1,839","1,855","1,797","143,83K","-0,76%"
"22.03.2024","1,812","1,838","1,859","1,791","105,07K","-1,04%"
"25.03.2024","1,789","1,817","1,825","1,758","147,53K","-1,27%"
"26.03.2024","1,788","1,805","1,830","1,775","123,17K","-0,06%"
"27.03.2024","1,953","2,012","2,014","1,943","47,25K","9,23%"
"28.03.2024","1,997","1,954","2,017","1,928","45,87K","2,25%"
"01.04.2024","2,074","1,999","2,088","1,958","67,72K","3,86%"
"02.04.2024","2,105","2,075","2,115","2,018","66,68K","1,49%"
"03.04.2024","2,067","2,093","2,136","2,060","56,65K","-1,81%"
"04.04.2024","1,997","2,068","2,074","1,992","93,95K","-3,39%"
"05.04.2024","2,010","2,001","2,036","1,972","75,18K","0,65%"
"08.04.2024","2,051","1,996","2,057","1,975","96,95K","2,04%"
"09.04.2024","2,064","2,046","2,110","2,037","109,83K","0,63%"
"10.04.2024","2,074","2,085","2,118","2,054","86,43K","0,48%"
"11.04.2024","2,000","2,061","2,074","1,992","120,91K","-3,57%"
"12.04.2024","2,029","2,005","2,043","1,973","94,17K","1,45%"
"15.04.2024","1,946","2,035","2,052","1,931","105,81K","-4,09%"
"16.04.2024","1,988","1,946","2,046","1,907","133,97K","2,16%"
"17.04.2024","1,962","1,940","1,976","1,914","97,83K","-1,31%"
"18.04.2024","1,986","1,971","2,004","1,964","106,14K","1,22%"
"19.04.2024","1,988","1,974","2,029","1,951","112,54K","0,10%"
"22.04.2024","2,065","1,988","2,072","1,961","116,22K","3,87%"
"23.04.2024","2,094","2,070","2,140","2,018","150,38K","1,40%"
"24.04.2024","1,979","2,128","2,133","1,960","182,16K","-5,49%"
"25.04.2024","1,986","1,969","1,993","1,926","158,31K","0,35%"
"26.04.2024","1,923","1,977","2,002","1,909","119,52K","-3,17%"
"29.04.2024","2,373","2,282","2,391","2,279","80,44K","23,40%"
"30.04.2024","2,319","2,394","2,420","2,287","80,03K","-2,28%"
"01.05.2024","2,266","2,285","2,300","2,255","74,76K","-2,29%"
"02.05.2024","2,331","2,263","2,344","2,261","70,43K","2,87%"
"03.05.2024","2,416","2,333","2,430","2,305","104,78K","3,65%"
"06.05.2024","2,463","2,439","2,521","2,396","100,91K","1,95%"
"07.05.2024","2,471","2,476","2,493","2,423","92,67K","0,32%"
"08.05.2024","2,474","2,479","2,533","2,450","111,54K","0,12%"
"09.05.2024","2,537","2,470","2,561","2,438","160,91K","2,55%"
"10.05.2024","2,484","2,539","2,567","2,473","119,37K","-2,09%"
"13.05.2024","2,587","2,477","2,590","2,447","119,01K","4,15%"
"14.05.2024","2,559","2,576","2,610","2,520","104,01K","-1,08%"
"15.05.2024","2,631","2,559","2,637","2,542","129,40K","2,81%"
"16.05.2024","2,687","2,622","2,753","2,609","152,35K","2,13%"
"17.05.2024","2,789","2,681","2,809","2,673","146,53K","3,80%"
"20.05.2024","2,901","2,815","2,905","2,785","172,08K","4,02%"
"21.05.2024","2,839","2,891","2,945","2,802","156,13K","-2,14%"
"22.05.2024","3,052","2,834","3,060","2,786","213,50K","7,50%"
"23.05.2024","2,923","3,004","3,161","2,896","274,51K","-4,23%"
"24.05.2024","2,773","2,938","2,965","2,759","165,96K","-5,13%"
"26.05.2024","2,748","2,747","2,760","2,732","","-0,90%"
"27.05.2024","2,780","2,747","2,853","2,742","","1,16%"
"28.05.2024","2,825","2,761","2,853","2,732","211,82K","1,62%"
"29.05.2024","2,666","2,836","2,848","2,655","161,40K","-5,63%"
"30.05.2024","2,647","2,715","2,731","2,637","73,51K","-0,71%"
"31.05.2024","2,662","2,647","2,701","2,605","61,48K","0,57%"
"03.06.2024","2,804","2,716","2,850","2,688","99,26K","5,33%"
"04.06.2024","2,670","2,814","2,874","2,656","87,22K","-4,78%"
"05.06.2024","2,828","2,694","2,854","2,681","76,26K","5,92%"
"06.06.2024","2,892","2,829","2,946","2,796","73,60K","2,26%"
"07.06.2024","2,996","2,883","3,037","2,871","93,24K","3,60%"
"10.06.2024","2,977","3,055","3,163","2,945","106,18K","-0,63%"
"11.06.2024","3,193","3,046","3,221","3,031","85,32K","7,26%"
"12.06.2024","3,122","3,194","3,194","3,073","101,31K","-2,22%"
"13.06.2024","3,037","3,104","3,167","2,978","94,27K","-2,72%"
"14.06.2024","2,963","3,000","3,068","2,950","80,26K","-2,44%"
"17.06.2024","2,867","2,930","2,930","2,837","96,87K","-3,24%"
"18.06.2024","2,990","2,870","2,997","2,858","91,14K","4,29%"
"19.06.2024","2,916","2,904","2,928","2,859","","-2,47%"
"20.06.2024","2,854","2,995","3,027","2,833","131,81K","-2,13%"
"21.06.2024","2,836","2,838","2,888","2,793","104,88K","-0,63%"
"24.06.2024","2,948","2,813","2,953","2,780","139,60K","3,95%"
"25.06.2024","2,863","2,943","2,951","2,831","158,42K","-2,88%"
"26.06.2024","2,745","2,850","2,863","2,731","141,35K","-4,12%"
"27.06.2024","2,675","2,725","2,773","2,665","61,99K","-2,55%"
"28.06.2024","2,598","2,694","2,749","2,591","80,15K","-2,88%"
"01.07.2024","2,492","2,581","2,599","2,474","107,00K","-4,08%"
"02.07.2024","2,454","2,482","2,497","2,436","96,17K","-1,52%"
"03.07.2024","2,447","2,485","2,503","2,434","70,97K","-0,29%"
"04.07.2024","2,371","2,431","2,439","2,335","","-3,11%"
"05.07.2024","2,350","2,459","2,466","2,347","98,43K","-0,89%"
"08.07.2024","2,382","2,300","2,417","2,300","126,72K","1,36%"
"09.07.2024","2,360","2,384","2,454","2,351","106,05K","-0,92%"
"10.07.2024","2,345","2,366","2,396","2,313","107,30K","-0,64%"
"11.07.2024","2,282","2,339","2,353","2,277","100,06K","-2,69%"
"12.07.2024","2,331","2,287","2,357","2,252","101,06K","2,15%"
"15.07.2024","2,178","2,283","2,284","2,167","162,46K","-6,56%"
"16.07.2024","2,206","2,189","2,235","2,171","121,32K","1,29%"
"17.07.2024","2,071","2,203","2,224","2,055","187,04K","-6,12%"
"18.07.2024","2,168","2,088","2,172","2,063","147,92K","4,68%"
"19.07.2024","2,165","2,128","2,179","2,095","101,00K","-0,14%"
"22.07.2024","2,286","2,145","2,302","2,131","141,07K","5,59%"
"23.07.2024","2,224","2,279","2,290","2,160","127,42K","-2,71%"
"24.07.2024","2,158","2,190","2,208","2,139","133,12K","-2,97%"
"25.07.2024","2,072","2,161","2,193","2,064","158,13K","-3,99%"
"26.07.2024","2,051","2,082","2,096","2,039","149,81K","-1,01%"
"29.07.2024","2,036","2,053","2,102","1,999","162,68K","-0,73%"
"30.07.2024","2,244","2,189","2,252","2,113","71,34K","10,22%"
"31.07.2024","2,162","2,241","2,261","2,149","79,09K","-3,65%"
"01.08.2024","2,096","2,158","2,243","2,093","97,44K","-3,05%"
"02.08.2024","2,078","2,114","2,147","2,041","87,31K","-0,86%"
"05.08.2024","2,045","2,069","2,083","1,991","69,66K","-1,59%"
"06.08.2024","2,121","2,058","2,140","2,015","83,46K","3,72%"
"07.08.2024","2,239","2,133","2,247","2,125","118,66K","5,56%"
"08.08.2024","2,270","2,228","2,321","2,161","135,05K","1,38%"
"09.08.2024","2,292","2,290","2,333","2,247","103,64K","0,97%"
"12.08.2024","2,342","2,311","2,394","2,301","99,38K","2,18%"
"13.08.2024","2,280","2,324","2,373","2,267","119,24K","-2,65%"
"14.08.2024","2,343","2,288","2,395","2,272","126,59K","2,76%"
"15.08.2024","2,332","2,345","2,421","2,317","121,87K","-0,47%"
"16.08.2024","2,247","2,341","2,343","2,237","107,16K","-3,64%"
"19.08.2024","2,357","2,250","2,374","2,225","133,82K","4,90%"
"20.08.2024","2,330","2,367","2,401","2,301","100,47K","-1,15%"
"21.08.2024","2,314","2,333","2,364","2,271","105,72K","-0,69%"
"22.08.2024","2,194","2,328","2,337","2,167","166,91K","-5,19%"
"23.08.2024","2,180","2,201","2,211","2,154","112,32K","-0,64%"
"26.08.2024","2,130","2,160","2,186","2,114","121,32K","-2,29%"
"27.08.2024","2,085","2,123","2,126","2,045","182,03K","-2,11%"
"28.08.2024","2,097","2,085","2,140","2,021","165,22K","0,58%"
"29.08.2024","2,529","2,524","2,552","2,454","62,68K","20,60%"
"30.08.2024","2,498","2,535","2,553","2,479","66,97K","-1,23%"
"03.09.2024","2,550","2,512","2,571","2,439","97,33K","2,08%"
"04.09.2024","2,506","2,541","2,612","2,499","62,74K","-1,73%"
"05.09.2024","2,579","2,503","2,614","2,482","74,26K","2,91%"
"06.09.2024","2,597","2,580","2,615","2,561","60,76K","0,70%"
"09.09.2024","2,527","2,557","2,581","2,506","109,25K","-2,70%"
"10.09.2024","2,545","2,516","2,580","2,497","111,76K","0,71%"
"11.09.2024","2,577","2,538","2,597","2,513","114,66K","1,26%"
"12.09.2024","2,633","2,583","2,666","2,533","138,04K","2,17%"
"13.09.2024","2,589","2,638","2,666","2,575","109,16K","-1,67%"
"16.09.2024","2,639","2,580","2,656","2,547","108,85K","1,93%"
"17.09.2024","2,613","2,645","2,691","2,603","118,35K","-0,99%"
"18.09.2024","2,565","2,606","2,656","2,560","95,43K","-1,84%"
"19.09.2024","2,595","2,568","2,604","2,505","138,18K","1,17%"
"20.09.2024","2,719","2,603","2,743","2,582","183,09K","4,78%"
"23.09.2024","2,854","2,735","2,874","2,728","212,24K","4,97%"
"24.09.2024","2,791","2,861","2,895","2,776","153,22K","-2,21%"
"25.09.2024","2,817","2,814","2,887","2,795","183,26K","0,93%"
"26.09.2024","2,753","2,829","2,883","2,731","187,37K","-2,27%"
"27.09.2024","3,304","3,173","3,332","3,145","78,66K","20,01%"
"30.09.2024","3,345","3,302","3,368","3,274","67,90K","1,24%"
"01.10.2024","3,288","3,330","3,338","3,253","69,60K","-1,70%"
"02.10.2024","3,297","3,288","3,378","3,272","63,44K","0,27%"
"03.10.2024","3,369","3,329","3,387","3,303","59,49K","2,18%"
"04.10.2024","3,305","3,370","3,406","3,288","83,10K","-1,90%"
"07.10.2024","3,218","3,282","3,316","3,197","104,32K","-2,63%"
"08.10.2024","3,199","3,202","3,230","3,162","75,26K","-0,59%"
"09.10.2024","3,116","3,176","3,185","3,084","88,81K","-2,59%"
"10.10.2024","3,102","3,099","3,128","3,048","94,80K","-0,45%"
"11.10.2024","3,047","3,115","3,146","3,030","81,89K","-1,77%"
"14.10.2024","2,930","3,030","3,039","2,915","80,92K","-3,84%"
"15.10.2024","2,944","2,922","3,001","2,882","94,81K","0,48%"
"16.10.2024","2,841","2,937","2,942","2,830","121,63K","-3,50%"
"17.10.2024","2,830","2,851","2,892","2,819","103,63K","-0,39%"
"18.10.2024","2,765","2,829","2,842","2,762","128,38K","-2,30%"
"21.10.2024","2,807","2,740","2,862","2,712","111,07K","1,52%"
"22.10.2024","2,895","2,850","2,920","2,787","142,72K","3,14%"
"23.10.2024","2,901","2,878","2,980","2,848","121,31K","0,21%"
"24.10.2024","3,018","2,952","3,062","2,903","199,16K","4,03%"
"25.10.2024","3,092","3,017","3,101","2,967","144,71K","2,45%"
"28.10.2024","2,863","3,044","3,044","2,801","253,31K","-7,41%"
"29.10.2024","2,859","2,841","2,908","2,794","143,88K","-0,14%"
"30.10.2024","3,101","3,169","3,171","3,032","91,51K","8,46%"
"31.10.2024","2,968","3,073","3,087","2,958","119,05K","-4,29%"
"01.11.2024","2,936","2,965","2,983","2,908","102,07K","-1,08%"
"04.11.2024","3,036","2,849","3,053","2,800","109,06K","3,41%"
"05.11.2024","2,936","3,042","3,070","2,915","93,38K","-3,29%"
"06.11.2024","3,007","2,948","3,050","2,921","95,62K","2,42%"
"07.11.2024","2,948","2,966","3,029","2,915","103,38K","-1,96%"
"08.11.2024","2,922","2,952","3,002","2,905","105,68K","-0,88%"
"11.11.2024","3,126","3,013","3,169","3,009","146,08K","6,98%"
"12.11.2024","3,133","3,155","3,216","3,081","176,30K","0,22%"
"13.11.2024","3,202","3,137","3,234","3,057","161,61K","2,20%"
"14.11.2024","3,054","3,201","3,201","3,036","149,36K","-4,62%"
"15.11.2024","3,096","3,037","3,113","2,975","123,42K","1,38%"
"18.11.2024","3,186","3,198","3,220","3,088","167,48K","2,91%"
"19.11.2024","3,228","3,166","3,280","3,132","170,83K","1,32%"
"20.11.2024","3,193","2,962","3,237","2,942","225,69K","-1,08%"
"21.11.2024","3,339","3,216","3,451","3,195","192,16K","4,57%"
"22.11.2024","3,129","3,390","3,563","3,071","95,81K","-6,29%"
"25.11.2024","3,369","3,356","3,461","3,264","108,49K","7,67%"
"26.11.2024","3,431","3,330","3,500","3,255","3,24K","1,84%"
"27.11.2024","3,204","3,468","3,470","3,189","214,29K","-6,62%"
"29.11.2024","3,363","3,195","3,384","3,175","163,06K","4,96%"
"02.12.2024","3,213","3,220","3,279","3,148","208,65K","-4,46%"
"03.12.2024","3,042","3,207","3,217","3,030","184,35K","-5,32%"
"04.12.2024","3,043","3,048","3,088","2,977","171,70K","0,03%"
"05.12.2024","3,079","3,071","3,155","3,035","183,89K","1,18%"
"06.12.2024","3,076","3,087","3,108","3,004","188,69K","-0,10%"
"09.12.2024","3,182","3,260","3,324","3,137","258,43K","3,45%"
"10.12.2024","3,163","3,189","3,193","3,069","233,88K","-0,60%"
"11.12.2024","3,378","3,193","3,404","3,181","276,53K","6,80%"
"12.12.2024","3,455","3,364","3,559","3,282","328,09K","2,28%"
"13.12.2024","3,280","3,458","3,489","3,264","213,64K","-5,07%"
"16.12.2024","2,702","2,710","2,727","2,672","89,64K","-17,62%"
"17.12.2024","3,080","3,030","3,147","2,919","122,87K","13,99%"
"18.12.2024","3,115","3,123","3,175","3,084","111,29K","1,14%"
"19.12.2024","3,296","3,135","3,338","3,126","132,38K","5,81%"
"20.12.2024","3,412","3,327","3,457","3,264","165,73K","3,52%"
"23.12.2024","3,656","3,869","3,944","3,581","125,62K","7,15%"
"24.12.2024","3,946","3,695","3,958","3,666","66,85K","7,93%"
"26.12.2024","3,715","3,970","4,010","3,652","67,21K","-5,85%"
"27.12.2024","3,514","3,707","3,887","3,370","2,52K","-5,41%"
"30.12.2024","3,936","3,657","4,201","3,648","374,32K","12,01%"
"31.12.2024","3,633","3,915","4,012","3,577","184,55K","-7,70%"
"02.01.2025","3,660","3,656","3,801","3,541","156,67K","0,74%"
"03.01.2025","3,354","3,669","3,680","3,330","188,09K","-8,36%"
"06.01.2025","3,672","3,554","3,726","3,502","228,12K","9,48%"
"07.01.2025","3,449","3,705","3,738","3,427","182,15K","-6,07%"
"08.01.2025","3,651","3,448","3,694","3,427","189,26K","5,86%"
"09.01.2025","3,701","3,682","3,830","3,552","145,20K","1,37%"
"10.01.2025","3,989","3,709","4,018","3,685","229,11K","7,78%"
"13.01.2025","3,934","4,347","4,369","3,845","195,51K","-1,38%"
"14.01.2025","3,968","3,930","4,059","3,736","167,42K","0,86%"
"15.01.2025","4,083","3,955","4,141","3,859","169,34K","2,90%"
"16.01.2025","4,258","4,130","4,328","4,018","193,02K","4,29%"
"17.01.2025","3,948","4,280","4,308","3,910","204,28K","-7,28%"
"21.01.2025","3,343","3,392","3,466","3,334","161,48K","-15,32%"
"22.01.2025","3,506","3,371","3,532","3,321","138,13K","4,88%"
"23.01.2025","3,945","4,001","4,048","3,861","120,84K","12,52%"
"24.01.2025","4,027","3,933","4,050","3,808","87,57K","2,08%"
"27.01.2025","3,697","3,785","3,827","3,609","66,94K","-8,19%"
"28.01.2025","3,471","3,699","3,720","3,361","63,82K","-6,11%"
"29.01.2025","3,535","3,335","3,588","3,313","3,30K","1,84%"
"30.01.2025","3,047","3,175","3,240","3,035","201,74K","-13,80%"
"31.01.2025","3,044","3,081","3,118","2,990","138,21K","-0,10%"
"03.02.2025","3,352","3,230","3,407","3,230","273,51K","10,12%"
"04.02.2025","3,253","3,327","3,350","3,168","182,53K","-2,95%"
"05.02.2025","3,360","3,229","3,375","3,161","170,26K","3,29%"
"06.02.2025","3,408","3,355","3,434","3,303","177,67K","1,43%"
"07.02.2025","3,309","3,380","3,435","3,296","188,70K","-2,90%"
"10.02.2025","3,444","3,406","3,487","3,352","203,92K","4,08%"
"11.02.2025","3,519","3,442","3,576","3,431","219,16K","2,18%"
"12.02.2025","3,565","3,510","3,583","3,469","194,73K","1,31%"
"13.02.2025","3,628","3,591","3,786","3,583","305,90K","1,77%"
"14.02.2025","3,725","3,650","3,801","3,635","201,10K","2,67%"
"18.02.2025","3,977","3,610","3,981","3,557","203,90K","6,77%"
"19.02.2025","4,205","3,974","4,289","3,911","247,32K","5,73%"
"20.02.2025","4,152","4,381","4,476","4,034","211,82K","-1,26%"
"21.02.2025","4,234","4,174","4,444","4,148","164,32K","1,97%"
"24.02.2025","3,994","4,065","4,090","3,906","82,87K","-5,67%"
"25.02.2025","4,174","3,987","4,186","3,935","91,53K","4,51%"
"26.02.2025","3,906","4,130","4,212","3,860","2,24K","-6,42%"
"27.02.2025","3,934","3,966","4,065","3,878","171,40K","0,72%"
"28.02.2025","3,834","3,939","3,954","3,814","141,99K","-2,54%"
"03.03.2025","4,122","3,779","4,173","3,742","269,84K","7,51%"
"04.03.2025","4,350","4,168","4,551","4,056","350,51K","5,53%"
"05.03.2025","4,450","4,317","4,518","4,227","224,57K","2,30%"
"06.03.2025","4,302","4,466","4,471","4,254","202,48K","-3,33%"
"07.03.2025","4,399","4,286","4,426","4,132","211,90K","2,25%"
"10.03.2025","4,491","4,467","4,901","4,447","221,48K","2,09%"
"11.03.2025","4,453","4,461","4,588","4,334","192,16K","-0,85%"
"12.03.2025","4,084","4,346","4,379","4,029","224,05K","-8,29%"
"13.03.2025","4,111","4,032","4,195","3,955","227,07K","0,66%"
"14.03.2025","4,104","4,040","4,141","3,962","144,41K","-0,17%"
"17.03.2025","4,086","4,187","4,278","4,046","88,75K","-0,44%"
"18.03.2025","4,109","4,073","4,185","4,041","95,98K","0,56%"
"19.03.2025","4,313","4,110","4,322","4,102","113,39K","4,96%"
"20.03.2025","4,038","4,280","4,312","4,027","141,55K","-6,38%"
"21.03.2025","4,024","4,035","4,089","3,931","118,07K","-0,35%"
"24.03.2025","3,914","3,880","4,012","3,862","78,99K","-2,73%"
"25.03.2025","3,840","3,909","3,990","3,796","50,29K","-1,89%"
"26.03.2025","3,861","3,866","3,930","3,813","52,75K","0,55%"
"27.03.2025","3,950","3,859","4,016","3,689","5,09K","2,31%"
"28.03.2025","4,065","3,915","4,100","3,836","176,36K","2,91%"
"31.03.2025","4,119","4,176","4,253","4,055","171,86K","1,33%"
"01.04.2025","3,951","4,132","4,148","3,934","156,69K","-4,08%"
"02.04.2025","4,055","3,950","4,089","3,935","141,24K","2,63%"
"03.04.2025","4,138","4,011","4,203","3,968","165,41K","2,05%"
"04.04.2025","3,837","4,119","4,153","3,811","246,55K","-7,27%"
"07.04.2025","3,655","3,811","3,939","3,600","298,84K","-4,74%"
"08.04.2025","3,465","3,630","3,783","3,462","278,15K","-5,20%"
"09.04.2025","3,816","3,481","3,829","3,336","359,06K","10,13%"
"10.04.2025","3,557","3,747","3,751","3,466","260,68K","-6,79%"
"11.04.2025","3,527","3,520","3,576","3,394","181,63K","-0,84%"
"14.04.2025","3,325","3,500","3,613","3,312","160,23K","-5,73%"
"15.04.2025","3,329","3,345","3,378","3,216","143,59K","0,12%"
"16.04.2025","3,247","3,318","3,318","3,204","150,41K","-2,46%"
"17.04.2025","3,245","3,262","3,334","3,191","145,61K","-0,06%"
"21.04.2025","3,177","3,367","3,391","3,155","117,68K","-2,10%"
"22.04.2025","3,007","3,051","3,095","2,955","133,98K","-5,35%"
"23.04.2025","3,022","3,046","3,074","2,967","86,14K","0,50%"
"24.04.2025","2,930","3,011","3,016","2,858","66,98K","-3,04%"
"25.04.2025","2,937","2,939","2,983","2,868","58,82K","0,24%"
"28.04.2025","3,170","2,884","3,187","2,859","2,17K","7,93%"
"29.04.2025","3,386","3,320","3,457","3,307","156,57K","6,81%"
"30.04.2025","3,326","3,380","3,399","3,260","145,96K","-1,77%"
"01.05.2025","3,479","3,353","3,540","3,340","159,64K","4,60%"
"02.05.2025","3,630","3,446","3,673","3,418","140,95K","4,34%"
"05.05.2025","3,550","3,671","3,747","3,531","161,32K","-2,20%"
"06.05.2025","3,463","3,568","3,648","3,423","200,86K","-2,45%"
"07.05.2025","3,621","3,487","3,656","3,487","162,37K","4,56%"
"08.05.2025","3,592","3,632","3,723","3,527","158,75K","-0,80%"
"09.05.2025","3,795","3,621","3,815","3,613","174,97K","5,65%"
"12.05.2025","3,646","3,775","3,840","3,608","163,73K","-3,93%"
"13.05.2025","3,647","3,677","3,728","3,570","130,02K","0,03%"
"14.05.2025","3,492","3,622","3,635","3,454","119,95K","-4,25%"
"15.05.2025","3,362","3,467","3,499","3,335","152,65K","-3,72%"
"16.05.2025","3,334","3,372","3,449","3,305","141,33K","-0,83%"
"19.05.2025","3,452","3,640","3,640","3,436","150,36K","3,54%"
"20.05.2025","3,767","3,445","3,795","3,444","195,65K","9,13%"
"21.05.2025","3,737","3,759","3,840","3,678","118,67K","-0,80%"
"22.05.2025","3,253","3,356","3,381","3,238","91,99K","-12,95%"
"23.05.2025","3,334","3,283","3,350","3,217","60,60K","2,49%"
"25.05.2025","3,752","3,786","3,803","3,745","","12,54%"
"26.05.2025","3,667","3,672","3,758","3,643","17,95K","-2,27%"
"27.05.2025","3,398","3,376","3,445","3,214","55,90K","-7,34%"
"28.05.2025","3,204","3,405","3,511","3,152","2,54K","-5,71%"
"29.05.2025","3,522","3,535","3,576","3,437","180,66K","9,93%"
"30.05.2025","3,447","3,535","3,564","3,440","131,55K","-2,13%"
"02.06.2025","3,694","3,501","3,750","3,501","199,98K","7,17%"
"03.06.2025","3,722","3,748","3,764","3,630","139,41K","0,76%"
"04.06.2025","3,716","3,729","3,740","3,661","126,09K","-0,16%"
"05.06.2025","3,677","3,703","3,791","3,620","208,76K","-1,05%"
"06.06.2025","3,784","3,653","3,817","3,649","180,63K","2,91%"
"09.06.2025","3,635","3,719","3,769","3,581","215,68K","-3,94%"
"10.06.2025","3,533","3,612","3,662","3,515","179,31K","-2,81%"
"11.06.2025","3,507","3,526","3,626","3,453","211,74K","-0,74%"
"12.06.2025","3,492","3,519","3,644","3,466","220,85K","-0,43%"
"13.06.2025","3,581","3,541","3,623","3,499","133,29K","2,55%"
"16.06.2025","3,844","3,773","3,855","3,732","85,97K","7,34%"
"17.06.2025","3,949","3,836","3,975","3,818","86,01K","2,73%"
"18.06.2025","4,077","3,963","4,092","3,918","171,19K","3,24%"
"19.06.2025","4,086","4,083","4,102","3,966","36,51K","0,22%"
"20.06.2025","3,949","4,077","4,230","3,918","150,78K","-3,35%"
"23.06.2025","3,698","3,949","3,949","3,666","102,70K","-6,36%"
"24.06.2025","3,537","3,681","3,684","3,530","70,98K","-4,35%"
"25.06.2025","3,406","3,549","3,587","3,372","74,50K","-3,70%"
"26.06.2025","3,261","3,394","3,425","3,199","5,53K","-4,26%"
"27.06.2025","3,739","3,530","3,751","3,513","153,06K","14,66%"
"30.06.2025","3,456","3,735","3,738","3,421","212,92K","-7,57%"
"01.07.2025","3,415","3,453","3,468","3,293","177,01K","-1,19%"
"02.07.2025","3,488","3,417","3,520","3,366","115,61K","2,14%"
"03.07.2025","3,409","3,500","3,574","3,392","147,83K","-2,26%"
"04.07.2025","3,390","3,418","3,434","3,368","16,62K","-0,56%"
"07.07.2025","3,412","3,344","3,472","3,275","163,40K","0,65%"
"08.07.2025","3,340","3,406","3,469","3,325","130,24K","-2,11%"
"09.07.2025","3,214","3,348","3,359","3,149","217,20K","-3,77%"
"10.07.2025","3,337","3,208","3,398","3,191","163,04K","3,83%"
"11.07.2025","3,314","3,365","3,418","3,293","130,29K","-0,69%"
"14.07.2025","3,466","3,404","3,499","3,383","149,46K","4,59%"
"15.07.2025","3,523","3,447","3,542","3,401","132,96K","1,64%"
"16.07.2025","3,551","3,519","3,598","3,491","116,04K","0,79%"
"17.07.2025","3,542","3,557","3,629","3,511","108,57K","-0,25%"
"18.07.2025","3,565","3,519","3,628","3,494","123,96K","0,65%"
"21.07.2025","3,356","3,506","3,512","3,319","143,80K","-5,86%"
"22.07.2025","3,287","3,342","3,360","3,247","122,26K","-2,06%"
"23.07.2025","3,077","3,253","3,267","3,061","158,44K","-6,39%"
"24.07.2025","3,094","3,070","3,166","3,065","75,36K","0,55%"
"25.07.2025","3,110","3,110","3,145","3,068","39,12K","0,52%"
"28.07.2025","2,988","3,093","3,140","2,984","69,85K","-3,92%"
"29.07.2025","3,081","3,034","3,112","3,011","2,37K","3,11%"
"30.07.2025","3,045","3,164","3,186","3,014","126,25K","-1,17%"
"31.07.2025","3,106","3,026","3,114","2,972","168,40K","2,00%"
"01.08.2025","3,083","3,100","3,131","3,051","102,38K","-0,74%"
"04.08.2025","2,932","3,065","3,078","2,895","167,44K","-4,90%"
"05.08.2025","3,010","2,946","3,041","2,929","134,13K","2,66%"
"06.08.2025","3,077","3,015","3,096","2,945","133,71K","2,23%"
"07.08.2025","3,067","3,099","3,148","3,035","171,66K","-0,32%"
"08.08.2025","2,990","3,086","3,106","2,960","164,26K","-2,51%"
"11.08.2025","2,954","2,895","3,000","2,881","156,87K","-1,20%"
"12.08.2025","2,808","2,978","2,985","2,774","219,06K","-4,94%"
"13.08.2025","2,828","2,784","2,851","2,764","179,25K","0,71%"
"14.08.2025","2,841","2,818","2,852","2,774","138,65K","0,46%"
"15.08.2025","2,916","2,850","2,966","2,836","132,78K","2,64%"
"18.08.2025","2,992","2,985","3,025","2,911","95,61K","2,61%"
"19.08.2025","2,862","3,009","3,009","2,827","154,55K","-4,34%"
"20.08.2025","2,842","2,857","2,869","2,820","113,08K","-0,70%"
"21.08.2025","2,826","2,765","2,849","2,740","115,27K","-0,56%"
"22.08.2025","2,698","2,813","2,819","2,689","79,36K","-4,53%"
"25.08.2025","2,696","2,639","2,717","2,622","60,32K","-0,07%"
"26.08.2025","2,717","2,711","2,742","2,654","70,24K","0,78%"
"27.08.2025","2,867","2,738","2,906","2,676","3,34K","5,52%"
"28.08.2025","2,944","2,874","2,999","2,850","186,27K","2,69%"
"29.08.2025","2,997","2,985","3,023","2,921","142,63K","1,80%"
"31.08.2025","3,004","2,986","3,005","2,979","","0,23%"
"01.09.2025","2,982","2,974","3,065","2,928","45,73K","-0,73%"
"02.09.2025","3,009","2,972","3,065","2,869","226,57K","0,91%"
"03.09.2025","3,064","2,992","3,131","2,964","187,56K","1,83%"
"04.09.2025","3,074","3,075","3,130","3,022","165,91K","0,33%"
"05.09.2025","3,048","3,078","3,130","3,021","130,91K","-0,85%"
"08.09.2025","3,090","3,087","3,198","3,056","200,53K","1,38%"
"09.09.2025","3,117","3,098","3,165","3,046","181,52K","0,87%"
"10.09.2025","3,029","3,107","3,117","3,008","171,98K","-2,82%"
"11.09.2025","2,934","3,029","3,062","2,911","199,07K","-3,14%"
"12.09.2025","2,941","2,918","3,000","2,897","160,05K","0,24%"
"15.09.2025","3,300","3,199","3,306","3,173","92,15K","12,21%"
"16.09.2025","3,355","3,308","3,375","3,170","102,44K","1,67%"
"17.09.2025","3,362","3,366","3,419","3,332","84,82K","0,21%"
"18.09.2025","3,234","3,340","3,365","3,224","124,16K","-3,81%"
"19.09.2025","3,190","3,211","3,241","3,174","135,90K","-1,36%"
"22.09.2025","2,806","2,909","2,945","2,804","163,18K","-12,04%"
"23.09.2025","2,853","2,806","2,870","2,772","70,89K","1,67%"
"24.09.2025","2,858","2,863","2,914","2,816","55,70K","0,18%"
"25.09.2025","2,904","2,879","2,968","2,848","74,21K","1,61%"
"26.09.2025","2,835","2,912","2,944","2,788","4,45K","-2,38%"
"29.09.2025","3,267","3,149","3,299","3,133","166,63K","15,24%"
"30.09.2025","3,303","3,279","3,351","3,245","162,03K","1,10%"
"01.10.2025","3,476","3,331","3,492","3,318","240,70K","5,24%"
"02.10.2025","3,442","3,457","3,585","3,402","259,35K","-0,98%"
"03.10.2025","3,324","3,413","3,451","3,307","217,26K","-3,43%"
"06.10.2025","3,357","3,300","3,485","3,296","165,23K","0,99%"
"07.10.2025","3,498","3,398","3,524","3,355","230,26K","4,20%"
"08.10.2025","3,333","3,524","3,550","3,316","242,69K","-4,72%"
"09.10.2025","3,269","3,336","3,393","3,235","198,68K","-1,92%"
"10.10.2025","3,106","3,239","3,253","3,089","195,35K","-4,99%"
"13.10.2025","3,118","3,100","3,138","3,029","0,70K","0,39%"
"14.10.2025","3,028","3,103","3,106","3,004","150,48K","-2,89%"
"15.10.2025","3,016","3,029","3,041","2,964","149,15K","-0,40%"
"16.10.2025","2,938","3,036","3,067","2,922","161,36K","-2,59%"
"17.10.2025","3,008","2,926","3,024","2,893","128,24K","2,38%"
"20.10.2025","4,035","3,837","4,051","3,829","163,82K","34,14%"
"21.10.2025","4,088","4,045","4,098","3,954","141,19K","1,31%"
"22.10.2025","4,060","4,090","4,139","4,015","146,97K","-0,68%"
"23.10.2025","3,344","3,439","3,507","3,290","157,09K","-17,64%"
"24.10.2025","3,304","3,285","3,397","3,200","108,14K","-1,20%"
"27.10.2025","3,442","3,410","3,469","3,261","67,44K","4,18%"
"28.10.2025","3,345","3,411","3,435","3,239","85,02K","-2,82%"
"29.10.2025","3,376","3,271","3,405","3,193","4,30K","0,93%"
"30.10.2025","3,956","3,798","4,071","3,786","201,08K","17,18%"
"31.10.2025","4,124","4,061","4,157","4,015","238,49K","4,25%"
"03.11.2025","4,266","4,160","4,298","4,087","242,22K","3,44%"
"04.11.2025","4,343","4,256","4,396","4,183","231,29K","1,80%"
"05.11.2025","4,232","4,320","4,351","4,206","156,27K","-2,56%"
"06.11.2025","4,357","4,239","4,420","4,192","193,87K","2,95%"
"07.11.2025","4,315","4,413","4,419","4,268","178,32K","-0,96%"
"10.11.2025","4,338","4,480","4,509","4,262","189,08K","0,53%"
"11.11.2025","4,565","4,375","4,581","4,276","243,69K","5,23%"
"12.11.2025","4,533","4,526","4,582","4,461","170,35K","-0,70%"
"13.11.2025","4,646","4,535","4,688","4,454","201,02K","2,49%"
"14.11.2025","4,566","4,597","4,635","4,376","227,91K","-1,72%"
"17.11.2025","4,593","4,736","4,746","4,554","107,34K","0,59%"
"18.11.2025","4,593","4,574","4,619","4,461","130,91K","0,00%"
"19.11.2025","4,753","4,589","4,806","4,571","135,72K","3,48%"
"20.11.2025","4,667","4,767","4,800","4,650","141,95K","-1,81%"
"21.11.2025","4,580","4,489","4,675","4,461","80,71K","-1,86%"
"24.11.2025","4,549","4,465","4,576","4,444","78,48K","-0,68%"
"25.11.2025","4,424","4,501","4,547","4,267","6,37K","-2,75%"
"26.11.2025","4,558","4,483","4,644","4,442","155,16K","3,03%"
"27.11.2025","4,629","4,634","4,647","4,530","27,73K","1,56%"
"28.11.2025","4,850","4,618","4,871","4,527","127,69K","4,77%"
"01.12.2025","4,921","4,870","4,952","4,758","209,47K","1,46%"
"02.12.2025","4,840","4,902","4,984","4,805","172,38K","-1,65%"
"03.12.2025","4,995","4,827","5,039","4,819","186,37K","3,20%"
"04.12.2025","5,063","5,010","5,090","4,871","209,84K","1,36%"
"05.12.2025","5,289","5,077","5,496","5,027","376,68K","4,46%"
"08.12.2025","4,912","5,100","5,205","4,850","301,95K","-7,13%"
"09.12.2025","4,574","4,868","4,878","4,551","249,50K","-6,88%"
"10.12.2025","4,595","4,578","4,696","4,455","271,11K","0,46%"
"11.12.2025","4,231","4,626","4,631","4,196","287,86K","-7,92%"
"12.12.2025","4,113","4,231","4,257","4,065","199,84K","-2,79%"
"15.12.2025","4,012","4,171","4,218","3,993","169,24K","-2,46%"
"16.12.2025","3,886","4,037","4,045","3,842","155,86K","-3,14%"
"17.12.2025","4,024","3,936","4,114","3,920","153,56K","3,55%"
"18.12.2025","3,908","4,117","4,218","3,877","158,06K","-2,88%"
"19.12.2025","3,984","3,942","4,030","3,840","145,51K","1,94%"
"22.12.2025","3,965","4,081","4,140","3,797","157,60K","-0,48%"
"23.12.2025","4,408","3,990","4,449","3,943","126,79K","11,17%"
"24.12.2025","4,242","4,415","4,593","4,180","57,07K","-3,77%"
"25.12.2025","4,281","4,235","4,325","4,224","0,24K","0,92%"
"26.12.2025","4,366","4,196","4,421","4,196","34,00K","1,99%"